{
  "IcoMoonType": "selection",
  "icons": [
    {
      "icon": {
        "paths": [
          "M853.714 936.571l-168.571-397.143c-66.857 130.857-140.571 267.429-204 397.143-0.571 0.571-30.857 0-30.857-0.571-96.571-225.714-197.714-449.714-294.286-676-23.429-54.857-101.714-144-155.429-143.429 0-6.286-0.571-20.571-0.571-29.143h333.143v28.571c-39.429 2.286-108.571 27.429-89.143 70.286 45.143 102.286 213.143 494.286 258.286 593.714 30.857-61.143 118.857-224.571 154.857-293.714-28.571-58.286-120.571-275.429-149.714-329.143-20-36.571-74.286-40-114.857-40.571v-28.571l293.143 0.571v26.857c-40 1.143-78.286 16-60.571 53.714 38.857 82.286 62.857 140 98.857 215.429 11.429-22.286 71.429-142.857 98.857-207.429 18.286-42.286-8-58.857-79.429-60.571 0.571-7.429 0-21.143 0.571-28 91.429-0.571 228.571-0.571 253.143-1.143v28c-46.286 1.714-94.286 26.286-119.429 65.143l-121.714 252.571c13.143 33.143 130.286 293.714 142.286 322.286l252-581.143c-17.714-47.429-74.857-57.714-97.143-58.286v-28.571l262.857 2.286 0.571 1.143-0.571 25.143c-57.714 1.714-92.571 32.571-114.857 82.857-51.429 118.857-212.571 493.714-319.429 737.714h-28z"
        ],
        "attrs": [
          {}
        ],
        "width": 1317,
        "isMulticolor": false,
        "isMulticolor2": false,
        "tags": [
          "wikipedia-w"
        ],
        "grid": 14
      },
      "attrs": [
        {}
      ],
      "properties": {
        "order": 1,
        "id": 0,
        "prevSize": 28,
        "name": "wikipedia-w"
      },
      "setIdx": 0,
      "setId": 8,
      "iconIdx": 0
    },
    {
      "icon": {
        "paths": [
          "M204.8 375.468v-68.268h614.4v68.268h-614.4zM204.8 546.132h614.4v-68.265h-614.4v68.265zM204.8 716.8h614.4v-68.268h-614.4v68.268z"
        ],
        "attrs": [
          {}
        ],
        "isMulticolor": false,
        "isMulticolor2": false,
        "grid": 0,
        "tags": [
          "menu"
        ]
      },
      "attrs": [
        {}
      ],
      "properties": {
        "order": 30,
        "id": 0,
        "name": "menu",
        "prevSize": 32
      },
      "setIdx": 1,
      "setId": 7,
      "iconIdx": 0
    },
    {
      "icon": {
        "paths": [
          "M1237.333 0h-1109.332c-70.584 0-128.001 57.417-128.001 128.001v767.999c0 70.579 57.417 128 128.001 128h1109.332c70.579 0 128-57.421 128-128v-767.999c0-70.584-57.421-128.001-128-128.001v0zM1237.333 85.333c5.794 0 11.307 1.203 16.35 3.303l-571.017 494.906-571.023-494.906c5.042-2.097 10.557-3.303 16.354-3.303h1109.335zM1237.333 938.667h-1109.332c-23.541 0-42.668-19.123-42.668-42.667v-717.209l569.375 493.458c8.043 6.956 18 10.417 27.959 10.417s19.916-3.457 27.959-10.417l569.375-493.458v717.209c0 23.543-19.123 42.667-42.667 42.667v0z"
        ],
        "attrs": [
          {
            "fill": "rgb(33, 150, 243)"
          }
        ],
        "width": 1365,
        "isMulticolor": false,
        "isMulticolor2": false,
        "grid": 0,
        "tags": [
          "icon-email"
        ],
        "colorPermutations": {
          "1171171171331502431": [
            {
              "f": 1
            }
          ]
        }
      },
      "attrs": [
        {
          "fill": "rgb(33, 150, 243)"
        }
      ],
      "properties": {
        "order": 26,
        "id": 1,
        "name": "icon-email",
        "prevSize": 32
      },
      "setIdx": 5,
      "setId": 3,
      "iconIdx": 0
    },
    {
      "icon": {
        "paths": [
          "M755.188 64c-107.63 0-200.258 87.554-243.164 179-42.938-91.444-135.578-179-243.216-179-148.382 0-268.808 120.44-268.808 268.832 0 301.846 304.5 380.994 512.022 679.418 196.154-296.576 511.978-387.206 511.978-679.418 0-148.392-120.43-268.832-268.812-268.832z"
        ],
        "tags": [
          "heart",
          "like",
          "love",
          "favorite"
        ],
        "defaultCode": 59866,
        "grid": 16,
        "attrs": []
      },
      "attrs": [],
      "properties": {
        "ligatures": "heart, like",
        "name": "heart",
        "order": 20,
        "id": 219,
        "prevSize": 32
      },
      "setIdx": 7,
      "setId": 1,
      "iconIdx": 218
    },
    {
      "icon": {
        "paths": [
          "M755.188 64c148.382 0 268.812 120.44 268.812 268.832 0 292.21-315.824 382.842-511.978 679.418-207.522-298.424-512.022-377.572-512.022-679.418 0-148.392 120.426-268.832 268.808-268.832 60.354 0 115.99 27.53 160.796 67.834l-77.604 124.166 224 128-128 320 352-384-224-128 61.896-92.846c35.42-21.768 75.21-35.154 117.292-35.154z"
        ],
        "tags": [
          "heart-broken",
          "heart",
          "like",
          "love"
        ],
        "defaultCode": 59867,
        "grid": 16,
        "attrs": []
      },
      "attrs": [],
      "properties": {
        "ligatures": "heart-broken, heart2",
        "name": "heart-broken",
        "order": 21,
        "id": 220,
        "prevSize": 32
      },
      "setIdx": 7,
      "setId": 1,
      "iconIdx": 219
    }
  ],
  "height": 1024,
  "preferences": {
    "showGlyphs": true,
    "showQuickUse": true,
    "showQuickUse2": true,
    "showSVGs": true,
    "fontPref": {
      "prefix": "icon-",
      "metadata": {
        "fontFamily": "icomoon"
      },
      "metrics": {
        "emSize": 1024,
        "baseline": 6.25,
        "whitespace": 50
      },
      "embed": false
    },
    "imagePref": {
      "prefix": "icon-",
      "png": true,
      "useClassSelector": true,
      "color": 0,
      "bgColor": 16777215,
      "classSelector": ".icon",
      "name": "icomoon"
    },
    "historySize": 50,
    "showCodes": true,
    "gridSize": 16
  }
}